{"count":1,"self":15.722531199999999,"total":42.1506523,"children":{"InitializeActuators":{"count":16,"self":0.0020005,"total":0.0020005,"children":null},"InitializeSensors":{"count":16,"self":0.0050003999999999995,"total":0.0050003999999999995,"children":null},"AgentSendState":{"count":1803,"self":0.30029639999999996,"total":26.259487399999998,"children":{"CollectObservations":{"count":28848,"self":0.11505699999999999,"total":0.11505699999999999,"children":null},"WriteActionMask":{"count":28848,"self":0.076274899999999993,"total":0.076274899999999993,"children":null},"RequestDecision":{"count":28848,"self":0.2933001,"total":25.7678591,"children":{"CameraSensor.GetCompressedObservation":{"count":28848,"self":25.4745584,"total":25.474559,"children":null}}}}},"DecideAction":{"count":1803,"self":0.0530184,"total":0.0530184,"children":null},"AgentAct":{"count":1803,"self":0.027575199999999998,"total":0.027575199999999998,"children":null},"CameraSensor.GetCompressedObservation":{"count":91,"self":0.0790385,"total":0.0790385,"children":null}},"gauges":{"PlatformerBehavior.CumulativeReward":{"count":91,"max":1.95949817,"min":-1.7000047,"runningAverage":-0.2380991,"value":-1.15599978,"weightedAverage":-0.2670617}},"metadata":{"timer_format_version":"0.1.0","start_time_seconds":"1621467468","unity_version":"2021.1.6f1","command_line_arguments":"C:\\Program Files\\Unity\\Hub\\Editor\\2021.1.6f1\\Editor\\Unity.exe -projectpath D:\/Unity\/ML-Agents-Platformer -useHub -hubIPC -cloudEnvironment production -hubSessionId bf624db0-b40c-11eb-aae1-b94048c6c40b -accessToken opdxTbVyL2ZoAr6RRihCuwO18uBpLdi6Frcmoj9AC0Q002f","communication_protocol_version":"1.5.0","com.unity.ml-agents_version":"2.0.0-exp.1","scene_name":"Training","end_time_seconds":"1621467510"}}