{"count":1,"self":7.8705864,"total":8.4122149,"children":{"InitializeActuators":{"count":1,"self":0.0010003,"total":0.0010003,"children":null},"InitializeSensors":{"count":1,"self":0.0010000999999999999,"total":0.0010000999999999999,"children":null},"AgentSendState":{"count":513,"self":0,"total":0.0082618,"children":{"CollectObservations":{"count":269,"self":0.0072616999999999994,"total":0.0072616999999999994,"children":null},"WriteActionMask":{"count":269,"self":0,"total":0,"children":null},"RequestDecision":{"count":269,"self":0.0010000999999999999,"total":0.0010000999999999999,"children":null}}},"DecideAction":{"count":513,"self":0.36925779999999997,"total":0.36925779999999997,"children":null},"AgentAct":{"count":513,"self":0.16010829999999998,"total":0.16010829999999998,"children":null}},"gauges":{"EnvironmentAgentBehavior.CumulativeReward":{"count":1,"max":-0.382193565,"min":-0.382193565,"runningAverage":-0.382193565,"value":-0.382193565,"weightedAverage":-0.382193565}},"metadata":{"timer_format_version":"0.1.0","start_time_seconds":"1623445046","unity_version":"2021.1.6f1","command_line_arguments":"D:\\Unity\\ML-Agents-Platformer\\!Demo\\Platformer ML Agents.exe","communication_protocol_version":"1.5.0","com.unity.ml-agents_version":"2.0.0-exp.1","scene_name":"Demo Environment Agent","end_time_seconds":"1623445054"}}